Nome,Garantia,Cor,Fabricante/marca ,Modelo ,Numero de serie ,Data de fabricação,Validade ,Condição/localização,Patrimonio ,Quantidade,,,
Filamento,n/info,veremelho,GTMax3D,ABS,2601EGP,10/10/23,n/info,Fechado,,1,,,
Filamento,n/info,Amarelo,GTMax3D,ABS,0112E1GP,10/10/23,n/info,Fechado,,1,,,
Filamento,n/info, Azul escuro,GTMax3D,ABS,0301E2GP,10/10/23,n/info,Fechado,,1,,,
Filamento,n/info,Branco ,GTMax3D,ABS,LT0604,20/10/22,n/info,fechado/aberto,,10,,,
Filamento,n/info,Branco ,GTMax3D,PLA,LT805A,03/04/23,n/info,fechado/aberto,,5,,,
Filamento,n/info,Preto,GTMax3D,PLA,2401E3PL,10/10/23,n/info,fechado/aberto,,2,,,
Filamento,n/info,Verde,GTMax3D,ABS,2111E2GP,10/10/23,n/info,Aberto,,1,,,
Filamento,n/info,Branco ,RoHs,PLA,PLA4B323500347,N/INFORMADO,n/info,Aberto,,2,,,
Filamento,n/info,Branco ,DESCONHECIDO,PLA,DESCONHECIDO ,N/INFORMADO,n/info,Fechado,,3,,,
Fio,n/info,vermelho,VT CORPORATION,DESCONHECIDO,B-30-1000,N/INFORMADO,n/info,Aberto,,1,,,
Fonte de alimentação ,n/info,preto,DESCONHECIDO ,AC/DC,ODL-0910AOA,N/INFORMADO,n/info,Armario03,,13,,,
cabo hdmi,n/info,,DESCONHECIDO,20276,DESCONHECIDO ,N/INFORMADO,n/info,,,1,,,
cabo micro hdmi ,n/info,,DESCONHECIDO,DESCONHECIDO,DESCONHECIDO ,N/INFORMADO,n/info,fechado,,1,,,
RaspberryPI 4,n/info,,TRXcom,B,TRJGO926HENL,2018,n/info,Gaveteiro/Arm03,,2,,,
Case p/ RaspberryPI 4,n/info,,TRXcom,DESCONHECIDO,DESCONHECIDO ,N/INFORMADO,n/info,Gaveteiro/Arm03,,2,,,
MiniDissipador de calor,n/info,,DESCONHECIDO,DESCONHECIDO,DESCONHECIDO ,N/INFORMADO,n/info,fechado,,2,,,
carro seguidor ,n/info,,DESCONHECIDO,DESCONHECIDO,DESCONHECIDO ,N/INFORMADO,n/info,armario02,,12,,,
CARDBOARD - KIT PARA CELULAR – 5VR,n/info,,OHANA,5VR,DESCONHECIDO ,N/INFORMADO,n/info,armario02,,5,,,
modulo C/ arduino,n/info,,DESCONHECIDO,RF433MH2,DESCONHECIDO ,N/INFORMADO,n/info,fechado,,5,,,
Módulo driver p/motor,n/info,,DESCONHECIDO,ULN2003,DESCONHECIDO ,N/INFORMADO,n/info,caixa organiza,,7,,,
Módulo Fonte de alim/ Protoboard,n/info,,DESCONHECIDO,HW-131,DESCONHECIDO ,N/INFORMADO,n/info,MINI GAVETAS,,7,,,
Modulo acelerômetro/giroscopio3E,n/info,,,MPU-6050/GY-521,DESCONHECIDO ,N/INFORMADO,n/info,MINI GAVETAS,,7,,,
Modulo sensor de vibração ,n/info,,DESCONHECIDO,SW-420,DESCONHECIDO ,N/INFORMADO,n/info,MINI GAVETAS,,7,,,
Botão/chaveHH/potenciometro ,n/info,,DESCONHECIDO,DESCONHECIDO,DESCONHECIDO ,N/INFORMADO,n/info,FECHADO,,1,,,
motor de passo ,n/info,,DESCONHECIDO,28BYJ-48,DESCONHECIDO ,N/INFORMADO,n/info,MINI GAVETAS,,6,,,
Modulo osciloscópio ,n/info,,DESCONHECIDO,HW-111,DESCONHECIDO ,N/INFORMADO,n/info,FECHADO,,1,,,
Display LCD,n/info,,DESCONHECIDO,16x2 12C,DESCONHECIDO ,N/INFORMADO,n/info,caixa ,,12,,,
Display LCD C/ MÓDULO DE INTERFACE SERIA ,n/info,,DESCONHECIDO,12C,DESCONHECIDO ,N/INFORMADO,n/info,caixa ,,10,,,
Placa Arduino ,n/info,,DESCONHECIDO,Mega 2560,DESCONHECIDO ,N/INFORMADO,n/info,Gaveteiro/Arm03,,6,,,
Placa Arduino (DIP),n/info,,DESCONHECIDO,ATmega328P(DIP),DESCONHECIDO ,N/INFORMADO,n/info,Gaveteiro/Arm03,,3,,,
Placa Arduino Uno (SMD),n/info,,DESCONHECIDO,ATmega328P(SMD),DESCONHECIDO ,N/INFORMADO,n/info,Gaveteiro/Arm03,,9,,,
Sensor Shield p/ arduino,n/info,,DESCONHECIDO,V5.0,DESCONHECIDO ,N/INFORMADO,n/info,Gaveteiro/Arm03,,5,,,
Placa Protoboard 400pontos,n/info,,Benser,400 pontos,DESCONHECIDO ,N/INFORMADO,n/info,Gaveteiro/Arm03,,10,,,
Placa Protoboard 830pontos,n/info,,DESCONHECIDO,830 pontos,DESCONHECIDO ,N/INFORMADO,n/info,Gaveteiro/Arm03,,26,,,
Mini Protoboard 170 pontos ,n/info,,DESCONHECIDO,170 pontos,DESCONHECIDO ,N/INFORMADO,n/info,Gaveteiro/Arm03,,s,,,
cabo unidade externa lomega,n/info,,DESCONHECIDO,zip100,DESCONHECIDO ,N/INFORMADO,n/info,ABERTO,,10,,,
Painel/placa solar c/ fio,n/info,,DESCONHECIDO,6v 1w 200ma 110X60 mini,DESCONHECIDO ,N/INFORMADO,n/info,caixa ,,8,,,
Painel placa solar s/fio,n/info,,DESCONHECIDO,115x85,DESCONHECIDO ,N/INFORMADO,n/info,caixa ,,4,,,
mini motor,n/info,,DESCONHECIDO,3v 6v,DESCONHECIDO ,N/INFORMADO,n/info,MINI GAVETAS,,8,,,
Módulo capo de luz,n/info,,DESCONHECIDO,KY-027,DESCONHECIDO ,N/INFORMADO,n/info,MINI GAVETAS,,14,,,
Modulo receptor infravermelho,n/info,,DESCONHECIDO,IRVS1838B KY-022,DESCONHECIDO ,N/INFORMADO,n/info,MINI GAVETAS,,7,,,
Modulo detector de pulsação,n/info,,DESCONHECIDO,KY-039,DESCONHECIDO ,N/INFORMADO,n/info,MINI GAVETAS,,7,,,
Sensor foto resistência,n/info,,DESCONHECIDO,LDR KY- 018,DESCONHECIDO ,N/INFORMADO,n/info,MINI GAVETAS,,6,,,
led p/ ardúino ,n/info,,DESCONHECIDO,3mm KY-029,DESCONHECIDO ,N/INFORMADO,n/info,MINI GAVETAS,,7,,,
led RGB,n/info,,DESCONHECIDO,5mm,DESCONHECIDO ,N/INFORMADO,n/info,MINI GAVETAS,,7,,,
sensor de Inclinação  C/Mercúrio ,n/info,,DESCONHECIDO,KY-017,DESCONHECIDO ,N/INFORMADO,n/info,MINI GAVETAS,,7,,,
Buzzer  contínuo/ativo,n/info,,DESCONHECIDO,DESCONHECIDO,DESCONHECIDO ,N/INFORMADO,n/info,MINI GAVETAS,,36,,,
Sensor de distância ultrassônico,n/info,,DESCONHECIDO,HC-SR04,DESCONHECIDO ,N/INFORMADO,n/info,caixa organiza,,33,,,
Módulo relé de 1 canal,n/info,,DESCONHECIDO,5V/10A HW-187,DESCONHECIDO ,N/INFORMADO,n/info,caixa ,,24,,,
Módulo relé de 2 canais ,n/info,,DESCONHECIDO,5VDC ,DESCONHECIDO ,N/INFORMADO,n/info,caixa ,,1,,,
Módulo sensor de som/poema,n/info,,DESCONHECIDO,KY037,DESCONHECIDO ,N/INFORMADO,n/info,MINI GAVETAS,,7,,,
Sensor de presença ,n/info,,DESCONHECIDO,Hc-sr501,DESCONHECIDO ,N/INFORMADO,n/info,caixa organiza,,24,,,
Joystick,n/info,,DESCONHECIDO,Ky-023,DESCONHECIDO ,N/INFORMADO,n/info,caixa ,,18,,,
Modulo sensor de rastramento ,n/info,,DESCONHECIDO,KY-033/ TCRT5000,DESCONHECIDO ,N/INFORMADO,n/info,MINI GAVETAS,,7,,,
Módulo p arduino ,n/info,,DESCONHECIDO,SRD-05VDC-SL-C,DESCONHECIDO ,N/INFORMADO,n/info,MINI GAVETAS,,7,,,
Sensor infravermelho,n/info,,DESCONHECIDO,IR KY -032,DESCONHECIDO ,N/INFORMADO,n/info,MINI GAVETAS,,7,,,
sensor de umidade e temperatura ,n/info,,DESCONHECIDO,DHT11,DESCONHECIDO ,N/INFORMADO,n/info,MINI GAVETAS,,18,,,
Sensor de chama,n/info,,DESCONHECIDO,kY-026,DESCONHECIDO ,N/INFORMADO,n/info,MINI GAVETAS,,7,,,
sensor magnetico ,n/info,,DESCONHECIDO,Reed Switch KY-025,DESCONHECIDO ,N/INFORMADO,n/info,MINI GAVETAS,,7,,,
Interruptor vibração/choque,n/info,,DESCONHECIDO,KY-002,DESCONHECIDO ,N/INFORMADO,n/info,MINI GAVETAS,,7,,,
sensor capacitivo (toque),n/info,,DESCONHECIDO,TTP223B,DESCONHECIDO ,N/INFORMADO,n/info,MINI GAVETAS,,8,,,
sensor magnetico de efeito Hall (analógico),n/info,,DESCONHECIDO,KY-024,DESCONHECIDO ,N/INFORMADO,n/info,MINI GAVETAS,,6,,,
sensor temperatura analógico ,n/info,,DESCONHECIDO,KY-013 NTC 10K,DESCONHECIDO ,N/INFORMADO,n/info,MINI GAVETAS,,7,,,
Módulo emissor laser ,n/info,,DESCONHECIDO,KY-008,DESCONHECIDO ,N/INFORMADO,n/info,MINI GAVETAS,,7,,,
sensor Hall (Digital),n/info,,DESCONHECIDO,KY-003,DESCONHECIDO ,N/INFORMADO,n/info,MINI GAVETAS,,6,,,
Sensor Magnético Hall,n/info,,DESCONHECIDO,Ky-035,DESCONHECIDO ,N/INFORMADO,n/info,MINI GAVETAS,,13,,,
Sensor de inclinação/impacto ,n/info,,DESCONHECIDO,KY-020,DESCONHECIDO ,N/INFORMADO,n/info,MINI GAVETAS,,7,,,
Módulo Led,n/info,,DESCONHECIDO,RGB SMD KY-009,DESCONHECIDO ,N/INFORMADO,n/info,MINI GAVETAS,,7,,,
Módulo foto interruptor ,n/info,,DESCONHECIDO,KY-010,DESCONHECIDO ,N/INFORMADO,n/info,MINI GAVETAS,,7,,,
Sensor Toque/batida,n/info,,DESCONHECIDO,KY-031,DESCONHECIDO ,N/INFORMADO,n/info,MINI GAVETAS,,7,,,
Sensor de botão ,n/info,,DESCONHECIDO,KY-004,DESCONHECIDO ,N/INFORMADO,n/info,MINI GAVETAS,,7,,,
Módulo emissor de infravermelho ,n/info,,DESCONHECIDO,KY-005,DESCONHECIDO ,N/INFORMADO,n/info,MINI GAVETAS,,14,,,
diodo,n/info,,DESCONHECIDO,DESCONHECIDO,DESCONHECIDO ,N/INFORMADO,n/info,MINI GAVETAS,,muitos ,,,
LED RGB,n/info,,DESCONHECIDO,4 PINOS ,DESCONHECIDO ,N/INFORMADO,n/info,caixa organiza,,4,,,
Sensor indução magnética,n/info,,DESCONHECIDO,Ky-021,DESCONHECIDO ,N/INFORMADO,n/info,MINI GAVETAS,,7,,,
Módulo Enconder Rotativo ,n/info,,DESCONHECIDO,KY-040,DESCONHECIDO ,N/INFORMADO,n/info,MINI GAVETAS,,7,,,
Módulo Led Bicolor ,n/info,,DESCONHECIDO,5mm KY-011,DESCONHECIDO ,N/INFORMADO,n/info,MINI GAVETAS,,7,,,
Potenciômetro ,n/info,,DESCONHECIDO,DESCONHECIDO,DESCONHECIDO ,N/INFORMADO,n/info,MINI GAVETAS,,22,,,
Módulo  NodeMCU,n/info,,DESCONHECIDO,ESP32-S,DESCONHECIDO ,N/INFORMADO,n/info,caixa ,,14,,,
MÓdulo NodeMCU,n/info,,DESCONHECIDO,ESP8266,DESCONHECIDO ,N/INFORMADO,n/info,caixa ,,5,,,
Módulo sensor de luz c/ fotoresitor,n/info,,DESCONHECIDO,Light-sensor,DESCONHECIDO ,N/INFORMADO,n/info,MINI GAVETAS,,14,,,
Módulo Bluetooth,n/info,,DESCONHECIDO,HC-05,DESCONHECIDO ,N/INFORMADO,n/info,MINI GAVETAS,,7,,,
Módulo Bluetooth 4.0,n/info,,DESCONHECIDO,HM-10,DESCONHECIDO ,N/INFORMADO,n/info,MINI GAVETAS,,5,,,
Chave de toque/ Mini interruptor ,n/info,,DESCONHECIDO,5mm/HH,DESCONHECIDO ,N/INFORMADO,n/info,MINI GAVETAS,,48/25,,,
Par Módulos de rádio frequência ,n/info,,DESCONHECIDO,433MHz,DESCONHECIDO ,N/INFORMADO,n/info,caixa organiza,,9,,,
Micro servo motor ,n/info,,DESCONHECIDO,SG90,DESCONHECIDO ,N/INFORMADO,n/info,Gaveteiro/Arm03,,67,,,
Módulo relógio de tempo real ,n/info,,DESCONHECIDO,DS1307,DESCONHECIDO ,N/INFORMADO,n/info,MINI GAVETAS,,7,,,
Módulo sensor infravermelho ,n/info,,DESCONHECIDO,IR TCRT5000,DESCONHECIDO ,N/INFORMADO,n/info,MINI GAVETAS,,20,,,
Módulo driver p/motor alta potencia ,n/info,,DESCONHECIDO,H L298N,DESCONHECIDO ,N/INFORMADO,n/info,caixa ,,9,,,
kit componentes eletrônicos ,n/info,,DESCONHECIDO,DESCONHECIDO,DESCONHECIDO ,N/INFORMADO,n/info,Saco trasparente,,9,,,
Módulo relé 4 canais ,n/info,,DESCONHECIDO,SRD-05VDC-SL-C,DESCONHECIDO ,N/INFORMADO,n/info,caixa ,,6,,,
Módulo Ethernet mini,n/info,,DESCONHECIDO,ENC28J60 MINI,DESCONHECIDO ,N/INFORMADO,n/info,caixa organiza,,1,,,
Relé eletromagnético ,n/info,,Metaltex,AS1RC3 24VCC,DESCONHECIDO ,N/INFORMADO,n/info,MINI GAVETAS,,8,,,
Componentes eletrônicos  ,n/info,,DESCONHECIDO,DESCONHECIDO,DESCONHECIDO ,N/INFORMADO,n/info,caixa organiza,,6,,,
Cabo USB B,n/info,,DESCONHECIDO,DESCONHECIDO,DESCONHECIDO ,N/INFORMADO,n/info,Gaveteiro/Arm03,,10,,,
Cabo USB-A mini,n/info,,DESCONHECIDO,DESCONHECIDO,DESCONHECIDO ,N/INFORMADO,n/info,Gaveteiro/Arm03,,9,,,
Cabo USB-C,n/info,,DESCONHECIDO,C,DESCONHECIDO ,N/INFORMADO,n/info,Gaveteiro/Arm03,,4,,,
Cabo USB 3.0,n/info,,DESCONHECIDO,DESCONHECIDO,DESCONHECIDO ,N/INFORMADO,n/info,Gaveteiro/Arm03,,1,,,
Cabo USB 2.0A p/ mini USB-B,n/info,,DESCONHECIDO,DESCONHECIDO,DESCONHECIDO ,N/INFORMADO,n/info,Gaveteiro/Arm03,,9,,,
Barra de pinos macho,n/info,,DESCONHECIDO,DESCONHECIDO,DESCONHECIDO ,N/INFORMADO,n/info,Gaveteiro/Arm03,,14,,,
Resistores,n/info,,DESCONHECIDO,12 tipos,DESCONHECIDO ,N/INFORMADO,n/info,Gaveteiro/Arm03,,12,,,
Cabo Jumper,n/info,,DESCONHECIDO,Macho-macho,DESCONHECIDO ,N/INFORMADO,n/info,Gaveteiro/Arm03,,1saco,,,
Cabo Jumper,n/info,,DESCONHECIDO,Fêmea-Fêmea,DESCONHECIDO ,N/INFORMADO,n/info,Gaveteiro/Arm03,,1saco,,,
Cabo Jumper,n/info,,DESCONHECIDO,Macho-Fêmea,DESCONHECIDO ,N/INFORMADO,n/info,Gaveteiro/Arm03,,1saco,,,
Fios elétricos Jumper ,n/info,,DESCONHECIDO,Macho-macho,DESCONHECIDO ,N/INFORMADO,n/info,Gaveteiro/Arm03,,1saco,,Total de itens:,867
Gravador de vídeo em rede ,n/info,,D-Link,DNR-322L,R39L2E2000534,N/INFORMADO,n/info,ARmario02,,3,,,
