Descrição dos itens,Número da NF,Data de emissão,Fornecedor ,02.082.884/0001-04,Quantidade ,Valor total ,,
Kit Raspberry PI4,000.000.41,23/04/2024,Broadcast Comercio e licitações LTDA,44.961.146/0001-79,2,"R$ 3.900,00",,
Conjunto Splike prime (lego),000.000.391,31/01/2024,Santana centro das antenas LTDA,57.464.653/0004-91,3,"R$ 9.430,52",,
Kit educ arduino mega 256,617,14/06/2023,Ti eletricos ,39.678.810/0001-37,7,"R$ 1.540,00",,
Kit educ de robotica  c/ arduino uno R3,617,14/06/2023,Ti eletricos ,39.678.810/0001-37,7,"R$ 1.085,00",,
Kit educ de robotica  c/ arduino uno R3,617,14/06/2023,Ti eletricos ,39.678.810/0001-37,7,"R$ 1.050,00",,
Kit c/ carregador CB054 + 8 PILH,617,14/06/2023,Ti eletricos ,39.678.810/0001-37,4,"R$ 860,00",,
Kit educacional p/ESP32,617,14/06/2023,Ti eletricos ,39.678.810/0001-37,4,"R$ 720,00",,
Kit c/ 37 módulos c/ box organizador  ,000.849,26/04/2023,Varimix comercio & serviços LTDA,42.106.060/0001-33,7,"R$ 637,49",,
Cabo cobre NU 50MM,000.003.225,28/10/2024,Braz e Brito refrigeração ,20.308.435/0001-05,12,"R$ 675,84",,
Mini motor  Dc A 6v p/ arduino ,000.011.766,26/06/2023,Jorge Paulo de Santana ,28.409.554/0001-66,10,"R$ 40,50",,
Kit Filamento ,000.029.954,26/06/2023,Ideal Brasil,46.005.227/0001-20,1,"R$ 58,49",,
Filamento ABS  premium branco Gtmax3D,000.000.229,05/06/2023,Americana 3D equipamentos eletronicos e materias plasticos ,44.653.093/0001-29,9,"R$ 765,00",,
Filamento PLA 1.75mm Branco premium Gtmax3D,000.000.299,05/06/2023,Americana 3D equipamentos eletronicos e materias plasticos ,44.653.093/0001-29,9,"R$ 765,00",,
Filamento Abs Premium amarelo 1KG,000.000.6923,06/02/2024,Gtmax Tecnologia em eletronica LTDA-EPP,07.483.598/0001-66,1,"R$ 64,00",,
Filamento Abs Premium azul escuro 1KG,000.000.6923,06/02/2024,Gtmax Tecnologia em eletronica LTDA-EPP,07.483.598/0001-66,1,"R$ 64,00",,
Filamento aBS premium verde 1KG,000.000.6923,06/02/2024,Gtmax Tecnologia em eletronica LTDA-EPP,07.483.598/0001-66,1,"R$ 64,00",,
Filamento ABS premium Vermelho 1kg,000.000.6923,06/02/2024,Gtmax Tecnologia em eletronica LTDA-EPP,07.483.598/0001-66,1,"R$ 64,00",,
Filamento PLA 1.75mm amarelo premium ,000.000.6923,06/02/2024,Gtmax Tecnologia em eletronica LTDA-EPP,07.483.598/0001-66,1,"R$ 84,00",,
Filamento PLA 1.75mm Azul translúcido ,000.000.6923,06/02/2024,Gtmax Tecnologia em eletronica LTDA-EPP,07.483.598/0001-66,1,"R$ 84,00",,
Filamento PLA 1.75mm preto premium ,000.000.6923,06/02/2024,Gtmax Tecnologia em eletronica LTDA-EPP,07.483.598/0001-66,1,"R$ 84,00",,
Filamento PLA 1.75mm vermelho premium ,000.000.6923,06/02/2024,Gtmax Tecnologia em eletronica LTDA-EPP,07.483.598/0001-66,1,"R$ 84,00",,
Mouse e teclado sem fio ,94,05/09/2024,LSA soluções e destribuição LTDA,47.975.975/0001-07,7,"R$ 420,00",,
Clip bateria 9v,000.108.145,06/07/2023,Renato Ferian Curcio ,24.548.001/0001-33,1,"R$ 26,91",,
"Jogo de chaves Allen hexagonal gedore 1,5 A 10mm 9 peças ",000.027.422,06/07/2023,LDCL comercial LTDA,41.076.923/0001-04,1,"R$ 37,71",,
Bateria recarregável 250mah 9v sensor brinquedo elgin,000.602.942,06/0723,Vobella soluções distribuição ,40.188.681/0001-88,7,"R$ 249,90",,
CREALITY CR 10 smart pro tipo standard ,000.023.021,24/07/2023,3D slim tecnologia comercio de equipamentos LTDA,33.858.026/000124,2,"R$ 8.700,00",,
"Monitor AOC 21,5 LED",000.016,08/08/2023,VM Araujo Empreendedor ,47.104.689/0001-68,2,"R$ 2.217,08",,
Solda em tubo 25g emporio k ,000.075.492,05/06/2023,Mobi.com comercial EIRELI EPP,20.552.119/0001-84,1,"R$ 8,99",,
Sugador de solda  ,000.075.492,05/06/2023,Mobi.com comercial EIRELI EPP,20.552.119/0001-84,1,"R$ 8,69",,
Lupa c/ suporte e pinça HL-S10,000.075.492,05/06/2023,Mobi.com comercial EIRELI EPP,20.552.119/0001-84,1,"R$ 62,78",,
Pasta p/ soldar pote 110g cobix ,000.075.492,05/06/2023,Mobi.com comercial EIRELI EPP,20.552.119/0001-84,1,"R$ 9,74",,
Suporte p/ ferro de solda ,000.075.492,05/06/2023,Mobi.com comercial EIRELI EPP,20.552.119/0001-84,1,"R$ 16,62",,
Ferro de soldar Power 40 127v,000.075.492,05/06/2023,Mobi.com comercial EIRELI EPP,20.552.119/0001-84,1,"R$ 61,22",,
Par de luva anticorte e alta temp Black tractor volk ,000.009.375,26/06/2023,NET variedades comercio LTA,39.734.881/0001-00,3,"R$ 90,60",,
Micro retifica c/contr torque 180w 127RT 18ka-br,000.308.129,27/06/2023,Ferragens floresta LTDA,21.009.346/0001-20,1,"R$ 330,04",,
Monitor LG 22’’ 22BN550Y-B.AWZ,354,18/07/2024,M Cavalcante comercio de maquinas e equipamentos EIRELI,32.337.901/0001-60,1,"R$ 769,90",,
Painel placa c/ fio solar 6V 1w 200MA 110x60 mm mini,000.067.757,06/07/2023,Antonio Carlos Nogeuira ,43.143.517/0001-42,8,"R$ 207,92",,
Fita dupla face transparente ,000.244.552,25/07/2023,Chaveiro e bazar itaboraí ,02.082.884/0001-04,1,"R$ 19,90",,
Marcador permanente 1.0,000.244.552,25/07/2023,Chaveiro e bazar itaboraí ,02.082.884/0001-04,1,"R$ 6,50",,
Fita crepe ,000.244.552,25/07/2023,Chaveiro e bazar itaboraí ,02.082.884/0001-04,1,"R$ 6,00",,
terminal femea pre- isola ,000.258.154,21/11/2023,Chaveiro e bazar itaboraí ,02.082.884/0001-04,10,"R$ 5,00",,
"Fio paralelo 2,5Mm",000.258.154,21/11/2023,Chaveiro e bazar itaboraí ,02.082.884/0001-04,6kg,"R$ 39,00",,
Pino macho reto 10a,000.258.154,21/11/2023,Chaveiro e bazar itaboraí ,02.082.884/0001-04,5,"R$ 29,50",,
Fita isolante 20mts,000.258.154,21/11/2023,Chaveiro e bazar itaboraí ,02.082.884/0001-04,1,"R$ 12,00",,
Luva de redução pvc ¾,000.258.154,21/11/2023,Chaveiro e bazar itaboraí ,02.082.884/0001-04,3,"R$ 16,50",,
Fita veda rosca Amanco ,000.258.154,21/11/2023,Chaveiro e bazar itaboraí ,02.082.884/0001-04,1,"R$ 10,00",,
Rabicho pvc30Ca,000.258.154,21/11/2023,Chaveiro e bazar itaboraí ,02.082.884/0001-04,3,"R$ 20,70",,
Cola madeira 90g,000.258.154,21/11/2023,Chaveiro e bazar itaboraí ,02.082.884/0001-04,1,"R$ 5,90",,
Cadeados,N/info,10/08/2023,JR chaveiro ,11.652.715/0001-45,2,"R$ 50,00",,
Copia chave ,N/info,10/08/2023,JR chaveiro ,11.652.715/0001-45,1,"R$ 8,00",,
Adesivo liquido para impressao 3D,000.083.395,08/08/2025,COTRIM TECNOLOGIAS LTDA,17.211.203/0001-20,1,"R$ 19,00",,
JOGO DE FERRAMENTAS 65 PCSTRAMONTINA VERDE,,02/06/2023,MAGAZINE LUIZA S/A,47.960.950/0897-85,1,"R$ 179,90",,
CARDBOARD - KIT PARA CELULAR - 5VR,000.022.607,05/06/2023,Ohana Outlet Importacao e Exportacao LTDA,23.198.850/0001-41,5,"R$ 99,90",,
BORNE PINO BANANA 4mm,000.011.513,14/11/2023,ALL VIRTUAL LTDA,13.803.088/0001-21,8,"R$ 27,94",,
Pino banana 4mm,000.011.513,14/11/2023,ALL VIRTUAL LTDA,13.803.088/0001-21,8,"R$ 19,96",,
ORGANIZADOR 7000,000.046.249,15/08/2024,Mundial Varieidades LTDA,24.231.750/0001-32,2,"R$ 81,76",,
EPIQVISION FH-02 PROJETOR EPSON FULL HD,033.289.675,11/09/2023,Americanas S.A,00.776.574/0013-90,1,"R$ 3.299,99",,
Fusível cerâmico ,000.061.392,11/07/2024, C&B Chaveiro e bazar itaboraí LTDA,29.803.499/0001-57,2,"R$ 6,00",,
Balde de plástico BL c/ alça ,000.061.392,11/07/2024, C&B Chaveiro e bazar itaboraí LTDA,29.803.499/0001-57,1,"R$ 6,90",,
Fita dupla face espuma ,000.061.392,11/07/2024, C&B Chaveiro e bazar itaboraí LTDA,29.803.499/0001-57,1,"R$ 9,90",,
Fita crepe 24mm x 50,000.061.392,11/07/2024, C&B Chaveiro e bazar itaboraí LTDA,29.803.499/0001-57,1,"R$ 8,00",,
"Jogo 10 Disco Serra Diamantada Corte 35mm Kit
Micro Retifica",000.203.432,14/11/2023,ARTH DIAS COMERCIO DE MERCADORIAS EM,34.644.540/0001-20,1,"R$ 34,98",,
"Perfil Trilho Lateral H2 2,40mt - SSM",005.614,14/03/2024,Ecomatize soluções em tecnologia LTDA,26.125.828/0001-60,4,"R$ 359,60",,
Grampo Intermediario - BelEnergy,005.614,14/03/2024,Ecomatize soluções em tecnologia LTDA,26.125.828/0001-60,6,"R$ 59,40",,
Grampo Final 30mm - BelEnergy,005.614,14/03/2024,Ecomatize soluções em tecnologia LTDA,26.125.828/0001-60,4,"R$ 39,60",,
Gancho Ajustavel Lateral Telha Ceramica TC04 com fixador,005.614,14/03/2024,Ecomatize soluções em tecnologia LTDA,26.125.828/0001-60,8,"R$ 343,20",,
Alongador Gancho - SSM,005.614,14/03/2024,Ecomatize soluções em tecnologia LTDA,26.125.828/0001-60,8,"R$ 39,20",,
Bicarbonato ,000.020.304,05/09/2023,Drogaria FV de icaraí LTDA,06.993.428/0001-69,1,"R$ 3,60",,
Conjunto de mangueira de chuveiro ,000.249.426,05/09/2023,Chaveiro e bazar itaboraí ,02.082.884/0001-04,1,"R$ 11,00",,
Cola Tek bond 20g,000.249.426,05/09/2023,Chaveiro e bazar itaboraí ,02.082.884/0001-04,1,"R$ 10,90",,
"COMPENSADO NAVAL 15MM (2,20X1,60) [CORTADO ]",000.001.883,25/01/2024,EDILBERTO DE LIMA TAVARES,02.700.339/0001-26,2,"R$ 573,00",,
Pino macho gigante 2P+p CZ 10A 1416 ilumini,3215,31/01/2024,Lunar elétricos e hidráulicos  EIRELI,36.042.279/0001-13,4,"R$ 31,20",,
Lampada led A-60 9w bivolt ,3215,31/01/2024,Lunar elétricos e hidráulicos  EIRELI,36.042.279/0001-13,12,"R$ 52,80",,
Plafonier bocal louça E27 BR,3215,31/01/2024,Lunar elétricos e hidráulicos  EIRELI,36.042.279/0001-13,12,"R$ 59,88",,
Caixa luz preta 4x2 preta 22866 amanco ,3215,31/01/2024,Lunar elétricos e hidráulicos  EIRELI,36.042.279/0001-13,42,"R$ 67,20",,
INT ARI BCA C/P 4X2 IP SIMP TRAMONTINA ,3215,31/01/2024,Lunar elétricos e hidráulicos  EIRELI,36.042.279/0001-13,3,"R$ 42,60",,
Tomada ARIA BCA4x2 Tramontina ,"3215
",31/01/2024,Lunar elétricos e hidráulicos  EIRELI,36.042.279/0001-13,3,"R$ 43,50",,
Disjuntor DIM UNIP 10A ge,3215,31/01/2024,Lunar elétricos e hidráulicos  EIRELI,36.042.279/0001-13,3,"R$ 29,70",,
Trilho p/ disjuntor c/2m,3215,31/01/2024,Lunar elétricos e hidráulicos  EIRELI,36.042.279/0001-13,5,"R$ 20,75",,
RELE fácil biv c/b fixa qr51 qualitronix ,3215,31/01/2024,Lunar elétricos e hidráulicos  EIRELI,36.042.279/0001-13,3,"R$ 83,10",,
Fita isol 20mts imperial 3m ,3215,31/01/2024,Lunar elétricos e hidráulicos  EIRELI,36.042.279/0001-13,12,"R$ 123,60",,
"Parafuso philips bicrom cabeça chata 3,0x25",3215,31/01/2024,Lunar elétricos e hidráulicos  EIRELI,36.042.279/0001-13,200,"R$ 20,00",,
placa 4x2 ip vert ARIA BCA 57203003 tramontina ,3215,31/01/2024,Lunar elétricos e hidráulicos  EIRELI,36.042.279/0001-13,6,"R$ 22,80",,
MOD ARIA BCA INTERRUP PARAL 6a/250v 57217002 tramontina ,3215,31/01/2024,Lunar elétricos e hidráulicos  EIRELI,36.042.279/0001-13,6,"R$ 39,90",,
INT MAIS BLA CP4X2 SIMPLES 3906 fame ,3215,31/01/2024,Lunar elétricos e hidráulicos  EIRELI,36.042.279/0001-13,3,"R$ 22,50",,
Placa mais blanc 4x2 1 seção 3936 FAME,3215,31/01/2024,Lunar elétricos e hidráulicos  EIRELI,36.042.279/0001-13,3,"R$ 12,30",,
INT. EV S/P ITERM 10A 2871 FAME ,3215,31/01/2024,Lunar elétricos e hidráulicos  EIRELI,36.042.279/0001-13,3,"R$ 108,60",,
Placa EV 4X2 CEGA C/ SUP 2883/3897 FAME ,3215,31/01/2024,Lunar elétricos e hidráulicos  EIRELI,36.042.279/0001-13,12,"R$ 52,80",,
Tubo CORR e flex MT 25MM tramontina ,3215,31/01/2024,Lunar elétricos e hidráulicos  EIRELI,36.042.279/0001-13,12,"R$ 23,88",,
Filtro de linha 5 tomadas ,000021883,11/03/2024,Leonice Maria dos Santos ,41.726.189/0001-81,5,"R$ 121,10",,
Valvula Solenoide Simples Entrada Agua Com suporte,000.266.846,13/11/2023,T C Comércio de peças para refrigeração ,34.329.915/0001-67,3,"R$ 95,25",,
,,,,,,,Valor Total:,"41.874,13 BRL"
